first_name,last_name,gender
Deborah,Johnston,F
Adam,Hicks,M
Brian,Frederick,M
John,Erickson,M
Michael,Wang,M
Lisa,Mason,F
Kerry,Obrien,M
Juan,Clarke,M
Jennifer,Mcdonald,F
Allen,Mcdonald,M
Joseph,Griffith,M
Timothy,Huerta,M
Marc,Dominguez,M
Kaitlyn,Hubbard,F
Jennifer,Delarosa,F
Edward,Esparza,M
Sarah,Monroe,F
Edward,Farmer,M
Cristian,Murillo,M
Sherri,Barrera,F
Mary,Cannon,F
Angela,Mahoney,F
Nicholas,Schwartz,M
Pamela,Greene,F
Michelle,Navarro,F
April,Gallagher,F
William,Beasley,M
Ashley,Frank,F
Rhonda,Christensen,F
Jody,Malone,F
Penny,Velazquez,F
Emily,Meyer,F
Sabrina,Holmes,F
James,Patel,M
Taylor,Abbott,M
Ashley,Frederick,F
Robert,Crane,M
Anthony,Dunn,M
Kevin,Middleton,M
Stephanie,Singleton,F
Timothy,Gallagher,M
Sherri,Donovan,F
Juan,Wilkerson,M
Daniel,Mccann,M
James,Solis,M
Stephen,Mullins,M
David,Blackburn,M
Tina,Hoffman,F
Dustin,Mahoney,M
Ronald,Solomon,M
Jonathan,Hull,M
Jeffrey,Oconnor,M
Casey,Oneill,F
Daniel,Compton,M
David,Conrad,M
Donald,Parsons,M
Sean,Schmitt,M
Douglas,Mccullough,M
Shawn,Hebert,M
Nicholas,Nicholson,M
Monica,Kline,F
Michael,Andrews,M
Tonya,Maldonado,F
John,Austin,M
William,Collins,M
James,Guerrero,M
Derek,Reed,M
Elizabeth,Carroll,F
Connie,Perry,F
Paula,Kelly,F
Cameron,Sawyer,M
Krista,Leach,F
Mary,Solis,F
Jamie,Benitez,F
William,Pineda,M
Donald,Mcmahon,M
Michael,Pollard,M
Amy,Arroyo,F
Christopher,Villegas,M
Sean,Knox,M
Emily,Francis,F
Ashley,Oconnor,F
Jennifer,Nielsen,F
Gary,Morales,M
April,Fry,F
Joshua,Ali,M
Jacob,Shaw,M
Aaron,Small,M
Kenneth,Leon,M
Jeffery,Porter,M
Allison,Melendez,F
Kimberly,Hansen,F
Matthew,Edwards,M
Erin,Grimes,F
Deborah,Stout,F
Lori,Wallace,F
April,Lawson,F
Andrea,Le,F
Dennis,Wolfe,M
Brandon,Contreras,M
Wanda,Reeves,F
Daniel,Tang,M
Scott,Sanders,M
Aaron,Padilla,M
Jessica,Mckenzie,F
Scott,Pennington,M
Rachel,Rosario,F
Susan,Dawson,F
Nicole,Marks,F
Stephen,Pratt,M
Jay,Chang,M
Brooke,Sheppard,F
Paul,Meyer,M
Madison,Morse,F
Megan,Ashley,F
Carolyn,Mckee,F
Kevin,Hess,M
Joshua,Manning,M
Joshua,Petersen,M
Zachary,Juarez,M
Elizabeth,Santos,F
Michael,Sanford,M
Christopher,Burnett,M
Dylan,Rojas,M
Elijah,Meyer,M
Michelle,Pugh,F
Yvette,Vincent,F
Nathan,Savage,M
Rebekah,Preston,F
Sarah,Sherman,F
Christopher,Dawson,M
Fred,Boyd,M
Jeffrey,Rollins,M
Jason,Esquivel,M
Taylor,Riley,M
Martin,Russell,M
Anne,Rollins,F
Mark,Jimenez,M
Zachary,Chang,M
Kimberly,Cochran,F
Pamela,Ware,F
Michael,Ferguson,M
Jason,Woods,M
Victoria,Pollard,F
Ashlee,Miller,F
Danielle,Orr,F
Angel,Juarez,F
Jennifer,Huff,F
Cynthia,Salas,F
Jessica,Rollins,F
Angela,Friedman,F
James,Salas,M
Sandra,Cano,F
Lee,Delgado,M
Jennifer,Mcconnell,F
Alicia,Boyd,F
Debra,Duran,F
Tina,Chang,F
Derek,Hall,M
Ricardo,Moran,M
Joshua,Hogan,M
Allen,Stafford,M
Ryan,Watts,M
Luis,Beard,M
Troy,Hester,M
Jamie,Burch,F
Kathleen,Higgins,F
Richard,Wells,M
Daniel,Barnett,M
Timothy,Chapman,M
Steven,Phillips,M
Rhonda,Howell,F
Christine,Guevara,F
Rita,Jennings,F
Joyce,Santana,F
Connor,Rollins,M
Anthony,Booth,M
Philip,Barron,M
Jessica,Goodwin,F
Jessica,Edwards,F
Joshua,Lawson,M
Shelby,Stewart,F
Brian,Tapia,M
Samuel,Golden,M
Kelly,Barry,F
John,Rich,M
Joseph,George,M
Gina,Glass,F
Janice,Garner,F
Kevin,Brown,M
Sandra,Dickson,F
Jay,Campbell,M
Joshua,Mcguire,M
Whitney,Dorsey,F
Jenny,Ayala,F
Jennifer,Hogan,F
Alexander,Harding,M
Cheryl,Yoder,F
Gerald,Barajas,M
Kevin,Vance,M
Evelyn,Morton,F
Connie,Hughes,F
Michael,Williams,M
Mark,S,M
Allison,Lucas,F
Jessica,Rich,F
Sarah,Moyer,F
Kevin,Glass,M
David,Massey,M
Steven,Oneal,M
Kenneth,Todd,M
Daniel,Vo,M
Tyler,Jacobson,M
Kara,Rich,F
Mary,Rich,F
Corey,Lucas,M
Crystal,Glass,F
Timothy,Spence,M
Sherry,Whitney,F
Debra,Sampson,F
Kristi,Chang,F
Kenneth,Dickerson,M
Christina,Berger,F
Adam,Smith,M
Alexandra,Nava,F
Patrick,Soto,M
Joshua,Sampson,M
Brittany,Avalos,F
Charles,Green,M
Deborah,Lam,F
Stephanie,Beard,F
Stephanie,Melton,F
Mark,Reid,M
Michael,Calderon,M
Jaclyn,Page,F
Ann,Houston,F
Daniel,Moon,M
Nancy,Moon,F
Daniel,Rich,M
Melanie,Sampson,F
Norman,Morton,M
Dalton,Burke,M
Ashley,Mcclain,F
Linda,Phelps,F
Troy,Sweeney,M
Brandon,Mendoza,M
Jennifer,Tanner,F
Paul,Lopez,M
Daniel,Correa,M
Michelle,Michael,F
Ray,Brock,M
Anna,Conner,F
Brent,Conner,M
Eric,Berger,M
Kimberly,Parker,F
Danielle,Walter,F
Mark,Mcclain,M
Rebecca,Hensley,F
William,Lam,M
April,Peterson,F
Danielle,Massey,F
Jerry,Dennis,M
Eric,Mosley,M
Maria,Hunter,F
David,Strong,M
Danny,Madden,M
Jordan,Graves,M
Travis,Giles,M
Michele,Poole,F
Angel,Poole,M
Crystal,Poole,F
Brittney,Spears,F
Darren,Valdez,M
Steven,Villa,M
Brandy,Martin,F
Madison,Burke,F
Danny,Camacho,M
Linda,Walton,F
Shannon,Matthews,F
Monica,Payne,F
Kimberly,Berger,F
Natalie,Boyer,F
Amy,Corona,F
Dawn,Cantrell,F
Jennifer,Sims,F
Cheyenne,Magana,F
Stephanie,Franklin,F
Timothy,Espinosa,M
Angela,Raymond,F
Sharon,Carpenter,F
Nathan,Chang,M
Sarah,Boyle,F
Bethany,Church,F
Alyssa,Pitts,F
Rebecca,Molina,F
Nathan,Lu,M
Jimmy,Olsen,M
Mary,Powell,F
Derek,Wiley,M
Karen,Humphrey,F
Katherine,Larson,F
Deborah,Davidson,F
Ashley,Peralta,F
Taylor,Hanna,M
Manuel,Mendez,M
Jennifer,Hunt,F
Kathryn,Alexander,F
Bryan,Huber,M
Helen,Atkins,F
Robert,Ponce,M
Kristina,Villa,F
Anthony,Carter,M
Shannon,Arias,F
Tommy,Hodges,M
Rita,Davis,F
Dennis,Tran,M
Tyler,May,M
Christina,Crosby,F
Ellen,Carr,F
Paul,Pearson,M
Taylor,Barber,F
Stephanie,Chavez,F
Brett,Patrick,M
Mark,Arellano,M
Dennis,Villa,M
David,Mcgee,M
Kevin,Roberson,M
Alexander,Romero,M
Karla,Hodge,F
Sarah,Olson,F
Eric,Carr,M
Lauren,Villa,F
Carl,Humphrey,M
Jimmy,Henderson,M
George,Ortega,M
Timothy,Carpenter,M
Rebecca,Mcbride,F
Mark,Magana,M
Elizabeth,S,F
Jennifer,Howard,F
Jessica,English,F
Jorge,Huffman,M
Jose,Thomas,M
Mary,Hopkins,F
Rebecca,Bailey,F
Joseph,Cuevas,M
Lisa,Brandt,F
Whitney,Cuevas,F
Michael,Atkins,M
Colleen,Kemp,F
Scott,Brooks,M
Christopher,Olson,M
Tracy,Ray,F
Lisa,Wong,F
Brittany,Carpenter,F
Mandy,Herrera,F
Anthony,Whitney,M
Ernest,Bryant,M
Andrea,Liu,F
Jessica,Patton,F
Benjamin,Hunt,M
Denise,Bush,F
Mike,Crosby,M
Shannon,Collier,F
Dustin,Cox,M
Shane,Mcdowell,M
Cameron,Holt,M
Elizabeth,Whitney,F
Sarah,Hunt,F
Paul,Martinez,M
Sherry,Villarreal,F
Austin,Rangel,M
Nicholas,Berger,M
Jacqueline,Russo,F
Benjamin,Snow,M
Julie,Holt,F
John,Hunt,M
David,Huber,M
Stefanie,Huber,F
Stephanie,Schroeder,F
Heather,Stevens,F
Lonnie,Gibbs,M
Angela,Thomas,F
Juan,Bush,M
Cynthia,Travis,F
Sandra,Pace,F
Ralph,Harper,M
Donald,Valenzuela,M
Danielle,Palacios,F
Denise,Carson,F
Timothy,Villarreal,M
Christian,Cherry,M
Jamie,Mcmillan,F
Brian,Adkins,M
Scott,Everett,M
Emily,Knapp,F
Christina,Alvarado,F
Daniel,Gilbert,M
Carlos,Orozco,M
Angela,Stark,F
Michelle,Fisher,F
Karen,Lester,F
Carla,Branch,F
Julia,Gregory,F
Kathryn,Dixon,F
Seth,Hail,M
Tricia,Schultz,F
Pamela,Humphrey,F
Randy,Wilkins,M
Travis,Munoz,M
Yvonne,Vasquez,F
Marie,Benton,F
Kimberly,Hahn,F
Michael,Stanton,M
Daniel,Bentley,M
Timothy,Vasquez,M
Michael,Harper,M
Shirley,Sierra,F
Russell,Vasquez,M
Jennifer,Wilkinson,F
Angelica,Wolf,F
Jeffrey,Estes,M
Cody,Mcintyre,M
Margaret,Murray,F
Veronica,Summers,F
Lauren,Harper,F
Larry,Bush,M
Stanley,Perez,M
Kristin,Miles,F
Mackenzie,Novak,F
Thomas,Lloyd,M
Margaret,Horn,F
Crystal,Wood,F
Joshua,Summers,M
Shannon,Harper,F
Andrew,Espinoza,M
Benjamin,Atkins,M
Martha,Ballard,F
Joshua,Bonilla,M
Gabriella,Moody,F
Cynthia,Campos,F
Michael,Moody,M
Jordan,Baldwin,F
Tracy,Vasquez,F
George,Wheeler,M
Crystal,Ortiz,F
Ryan,Morrow,M
Linda,Roach,F
Christopher,Myers,M
Cindy,Shields,F
Paul,Hutchinson,M
Aaron,Allen,M
Larry,Lozano,M
Renee,Ramirez,F
Tracy,Stokes,F
Larry,Ramirez,M
Danielle,Fernandez,F
Barbara,Randolph,F
Courtney,Cooper,F
Jennifer,Moreno,F
Erik,Long,M
Daniel,Ramos,M
Teresa,Summers,F
Michael,Miles,M
Christopher,Wise,M
Jennifer,Dodson,F
Donald,Whitehead,M
Gina,Walker,F
Crystal,Pittman,F
Natalie,Cisneros,F
Renee,Walker,F
Michael,Walker,M
Yolanda,Bender,F
Christopher,Sloan,M
Kelly,Perkins,F
Teresa,Weeks,F
Michael,Sloan,M
James,Bryan,M
Mary,Craig,F
Angel,Escobar,F
Richard,Rogers,M
Anthony,Perkins,M
Brian,Wise,M
Jessica,Cain,F
Tracy,Wise,F
Jennifer,Elliott,F
Francisco,Copeland,M
William,Noble,M
Dennis,Reyes,M
Edwin,Cameron,M
Megan,Conway,F
Jonathan,Sullivan,M
Suzanne,Watson,F
Sandra,Sloan,F
Luke,Fitzgerald,M
Kimberly,Copeland,F
Denise,Sanchez,F
Ruth,Cameron,F
Joseph,Combs,M
Todd,Glover,M
