first_name,last_name
Danielle,Johnson
Jill,Rhodes
Robert,Johnson
Anthony,Gonzalez
Jeffrey,Lawrence
Linda,Wolfe
Susan,Rogers
Melanie,Munoz
Amanda,Dudley
Maria,Montgomery
Janet,Williams
Christopher,Hall
Cynthia,Diaz
Joseph,Zuniga
George,Daniel
Veronica,Bowman
Megan,Parsons
Leslie,Adams
Nancy,Edwards
Robin,Ellis
Anna,Baker
Reginald,Robinson
Christopher,Williams
Laura,Henderson
Wendy,Rice
Alexander,Le
Joseph,Davidson
Shawn,Mckay
Vincent,White
Kenneth,Fowler
Kathryn,Ryan
Aaron,Nguyen
Natasha,Decker
Natalie,Arroyo
Chad,Hodges
Thomas,Pierce
Rodney,Lewis
James,Collins
Samuel,Holmes
Matthew,Chapman
Chad,Welch
Michele,Jones
Jason,Anderson
Thomas,Mueller
Collin,Jordan
Jessica,Nunez
Richard,Morgan
Casey,Brown
Avery,Garcia
Riley,Lee
Taylor,Davis
Alex,Clark
Alex,Lee
Morgan,Smith
Morgan,Davis
Casey,Clark
Riley,Martinez
Jordan,Davis
Jordan,Clark
Avery,Martinez
Devin,Lopez
