guardian_id,first_name,last_name,email,phone
1,Terri,Tran,maldonadoamanda@example.com,001-551-446-2704x82814
2,Tanya,Smith,john39@example.org,671-882-2782
3,Vincent,Smith,jenniferross@example.net,+1-557-587-1331x5098
4,Maureen,Young,ambercummings@example.net,001-773-876-3116
5,Jason,Young,nuneztracey@example.org,4658133387
6,Anna,Figueroa,gabrieltucker@example.org,(502)660-6474x6872
7,Daniel,Figueroa,rileyamy@example.net,300-597-8820x81219
8,Jennifer,David,bethwilliams@example.org,(799)385-4353x46247
9,Alexandra,Santos,jonesjason@example.com,(651)235-4278
10,Michael,Santos,sarah12@example.com,518-624-4935
11,Kathy,King,davisrodney@example.com,2053242786
12,Angela,Munoz,amydavenport@example.net,+1-526-520-4505
13,Michael,Munoz,kimberly69@example.net,(532)626-0256
14,Caitlin,Fuller,reyesbenjamin@example.com,837.754.3303
15,Donald,Fuller,rasmussenjoshua@example.net,768.750.1429x40196
16,Samuel,Joyce,cruzbarbara@example.com,7607883561
17,Matthew,Martinez,william65@example.com,001-248-623-6629x946
18,Justin,Jordan,steven73@example.net,221.248.9513x4332
19,John,Alvarez,gibsonolivia@example.net,567.463.2016
20,Regina,Ellis,pwilliams@example.org,927.488.9579x868
21,Patrick,Ellis,wcole@example.org,+1-348-473-4714x3455
22,Chris,Reyes,jasminebrown@example.com,787-660-3669x09670
23,Nicole,Hernandez,vmedina@example.net,+1-937-434-6706x562
24,Veronica,Maddox,meadowsbrittany@example.net,7165272046
25,Jesse,Maddox,kathleen64@example.com,517-208-0531x003
26,Lisa,Chavez,davidcaldwell@example.net,674.352.9912
27,Kenneth,Chavez,barbara66@example.net,219.731.4919
28,Kim,Stanley,huntermatthew@example.com,916.857.2628x4987
29,Roger,Vargas,melissa14@example.com,479.996.5075
30,Jason,Salinas,joshua94@example.net,9839136783
31,Joan,Jones,davisjeffrey@example.net,749.757.8856
32,Michael,Nelson,jerry35@example.org,001-682-533-7498x9413
33,Michael,Turner,joshuamccann@example.net,627-910-9477x7520
34,Ashley,Smith,moralescharles@example.net,+1-502-829-4131x86999
35,Jerry,Ramos,ntorres@example.org,+1-213-834-1232x812
36,Joanna,Wheeler,antonio44@example.net,413.349.3618x324
37,Amy,Joyce,brooke94@example.com,374-264-8877
38,Steve,Navarro,anthony39@example.net,4498027874
39,Cynthia,Vasquez,harrisonricky@example.com,+1-712-356-7468x07154
40,Tracy,Powell,sandovalamy@example.com,6384597703
41,Tanya,Mitchell,fgilmore@example.org,3935248086
42,Wendy,Novak,murraydavid@example.org,448.346.7737x8263
43,Donald,Novak,ymorgan@example.net,704-849-9727x875
44,Jordan,Schmidt,molly39@example.com,260.457.6627
45,Jonathan,Schmidt,molly71@example.net,702.862.1745x961
46,Tiffany,Sims,cbrennan@example.net,434-631-6117
47,Stephanie,Stewart,nguyenbrian@example.com,(862)538-6922x219
48,Kathleen,Stewart,jesselittle@example.com,607-948-2175x946
49,Ryan,Stewart,yvonnecastaneda@example.org,669.259.4406
50,Kylie,Wagner,lozanojulie@example.com,001-739-453-3942x10470
51,Brandon,Wagner,mark62@example.org,(685)788-4247
52,Regina,Mcdonald,taylortammy@example.net,001-868-751-6048x1754
53,Ashley,Garcia,thomasharvey@example.net,393-517-4612x00471
54,Stephen,Garcia,paulwatson@example.net,001-786-592-6179x640
55,Scott,Sampson,cory58@example.net,(706)543-1713x900
56,Virginia,Walters,caseyhubbard@example.org,001-433-652-9042
57,Robert,Walters,guerreroanthony@example.org,(339)950-2402x681
58,Joan,Cox,hayesjeffrey@example.net,3849700766
59,Micheal,Aguilar,fjones@example.com,+1-621-924-9985x698
60,Kathy,Howard,sgarcia@example.org,+1-883-767-3657x6615
61,Maurice,Howard,stephanie71@example.org,716-315-2809
62,Jennifer,Frost,uparrish@example.org,794-351-9832x7315
63,Pamela,Cook,lindsaybruce@example.net,+1-480-494-0244x550
64,Kylie,Reyes,vjones@example.net,7186366752
65,Nathan,Reyes,wareeric@example.net,6145767976
66,Nicole,Perez,reeddaniel@example.net,+1-497-684-0369x00343
67,Dylan,Perez,smithjulie@example.org,(268)838-8516
68,Alicia,Morse,barbara96@example.net,+1-364-516-0529x7516
69,Jessica,Terrell,zwarren@example.com,001-453-552-1818x8355
70,Curtis,Scott,carriewolf@example.net,727-779-9799
71,Chris,Jones,ywelch@example.com,001-205-781-4770
72,Sandra,Cortez,newmantiffany@example.org,+1-998-467-9807x935
73,Tyler,Cortez,vgarcia@example.net,482-703-7788
74,Jacqueline,Campbell,rschroeder@example.net,4517518644
75,Angela,Mitchell,sabrinacollins@example.net,001-862-791-4865x281
76,Alicia,Leon,henry35@example.com,232.721.4188
77,Sherri,Crane,carlamoore@example.org,001-592-570-6537x947
78,Emily,Mack,mmckee@example.com,+1-297-974-6886x23924
79,Shelly,Douglas,dawsonzachary@example.org,812-247-8261x3750
80,James,Douglas,joe15@example.org,4519522047
81,Jerry,Smith,smithjason@example.org,+1-298-561-4341
82,Jason,Bauer,fbrown@example.net,+1-708-593-2460
83,Laura,Meadows,elizabethmiller@example.com,288-888-8067
84,William,Meadows,julie51@example.com,419.952.0585
85,Veronica,Cannon,zwelch@example.org,670-843-0305
86,William,Cannon,wking@example.net,845.905.4156
87,Stephanie,Orozco,lmorgan@example.com,001-675-784-1616x928
88,Brian,Orozco,donna47@example.net,001-362-875-7059x640
89,Heidi,Daniels,stephaniethomas@example.net,+1-770-721-3556x90927
91,Michael,Gilmore,igonzalez@example.org,427.715.5188x442
92,Katie,Barnes,gallowaylaura@example.org,805.989.5782x9114
93,Joseph,Barnes,emorrow@example.org,317-478-5289x22680
94,Kevin,Martin,michaeleverett@example.com,343-484-2498
95,Leslie,Meadows,georgeweber@example.net,690-601-0943x96907
96,John,Meadows,eevans@example.net,4277677359
97,Shannon,Gray,jessica56@example.org,001-258-681-5371x47321
98,Theresa,Conley,kwright@example.com,001-953-227-8774
99,Christopher,Long,nlevy@example.net,(400)647-9748x016
100,Monica,Robinson,zdiaz@example.org,001-983-658-4168
101,Samantha,Martin,andersoncolin@example.com,985-923-9868x00025
102,Chase,Martin,markaustin@example.org,(794)795-8887x9470
103,Emily,Whitney,laura09@example.com,599-230-9728x962
104,Laura,Graves,andrewedwards@example.org,(836)789-7028x38578
105,Tina,Peterson,vbarr@example.net,(549)973-3484x344
106,Emily,Hernandez,ann44@example.org,001-386-765-2404
107,Tammy,Graham,julie33@example.net,584-221-9933x083
108,Brett,Graham,jennifer12@example.org,+1-226-377-3454
109,Marissa,Christensen,amandasharp@example.org,(262)606-7240
110,Laura,Rodriguez,justin88@example.com,(687)443-1527
111,Adrian,Rogers,ashley32@example.net,+1-266-685-1612x2753
112,James,Phillips,vmolina@example.com,001-690-445-3017
113,Jennifer,Reese,hannah45@example.net,932.572.7956
114,Philip,Reese,foxallison@example.com,491-408-8398
115,Erin,Newton,nwilson@example.net,001-871-987-0728
116,Kristy,Campbell,tchambers@example.net,7643039106
117,Amber,Brown,andersenthomas@example.com,(422)865-6766x18251
118,Joseph,Andrews,maryavila@example.com,386.286.3375x243
119,Lisa,Barnes,allencarlos@example.net,5792030673
120,Donald,Holder,lisadennis@example.com,001-695-634-2836
121,Amy,Ramos,conniesimmons@example.com,8564856624
122,Nicole,Farmer,oallen@example.com,001-627-508-6688x263
123,Gary,Farmer,nielsenmelanie@example.org,+1-530-546-9901
124,John,Booth,kevin03@example.org,001-717-639-3638x5467
125,Deborah,Hall,zowens@example.net,853.655.6093x2048
126,Christian,Hall,jerry93@example.com,+1-454-977-7252
127,Catherine,Holland,warrenmary@example.org,+1-900-962-3120x38750
128,Alexis,Morse,hsmith@example.net,584-608-6211x823
129,Robin,Miller,laura15@example.com,993.234.1016x668
130,Mark,Miller,christopherbruce@example.net,291-480-3397x40148
131,Tanya,Johnston,alexis39@example.org,001-761-242-9396x85621
132,Brent,Johnston,marypeterson@example.net,+1-465-804-7735x866
133,Angelica,Pearson,lauren11@example.com,(662)965-5110
134,Ian,Pearson,curtis12@example.com,788.886.1015x819
135,Alexandria,Ortiz,fhughes@example.net,+1-639-682-6224
136,Johnny,Ortiz,jacksonjoshua@example.com,215.843.7993x7124
137,Martin,Oliver,scott69@example.org,759-837-5265x4793
138,Diana,Bryan,kdiaz@example.org,001-382-880-7374
139,Michael,Bryan,cynthiaallen@example.net,(866)217-9796
140,Rachel,Garrett,jacqueline89@example.net,713-852-9096
141,Brian,Garrett,greenwilliam@example.net,+1-499-737-5679
142,Yolanda,Johnson,agarcia@example.org,725-945-7387
143,Anne,Gay,tflores@example.org,001-810-951-2382x825
144,Crystal,Sullivan,jacobsandoval@example.com,5936796603
145,Karen,Stokes,raylauren@example.net,(755)837-1478
146,Lisa,Adams,baileymegan@example.net,(649)391-2513
147,Clayton,Adams,williambarnes@example.org,001-966-627-8282
148,Brenda,Ryan,megan90@example.com,9728368876
149,Michael,Wallace,christopherjohnson@example.org,304-638-4279x7881
150,Patricia,Hughes,amber07@example.net,361.934.0745
151,Sean,Wilson,jasonrojas@example.net,(696)429-2330x958
152,Erica,Pena,keith48@example.net,726-504-2232
153,Philip,Pena,kburns@example.net,766-271-1684x577
154,Sheila,Murphy,simonstephen@example.net,001-751-486-3637x454
155,Keith,Murphy,rkramer@example.org,8175012770
156,Zachary,Blankenship,erik41@example.net,(241)552-0643x611
157,John,Anderson,aprilwallace@example.org,001-751-762-7136x111
158,Nicole,Taylor,darlenebyrd@example.org,390.492.7532x69731
159,Nicole,Lynch,bbell@example.com,(634)213-8999
160,Sarah,Scott,jamie98@example.org,001-264-703-7613x7918
161,Taylor,Huerta,paulcombs@example.com,(282)871-0910x430
162,Jonathon,Huerta,zhenderson@example.org,+1-788-892-4141x8328
163,Kevin,Hines,collinssamuel@example.org,6314617990
164,Barbara,Smith,jacquelinemartin@example.com,684.325.2410x56481
165,Jon,Smith,brian92@example.com,(241)591-3800
166,Amber,Mitchell,patrick22@example.org,+1-763-353-6541
167,Jonathan,Mitchell,whitelinda@example.org,(617)544-5187x0534
168,John,Vargas,xcuevas@example.org,001-883-620-6038x5050
169,Brian,Riley,robertwoodward@example.org,001-441-803-8657x191
170,Angela,Walter,grahamtamara@example.org,345-465-5743x1329
171,Ashley,Phillips,aowens@example.org,+1-453-674-7411
172,Ronald,Craig,lewismelissa@example.org,235-868-0442
173,Sarah,Gibson,codygarcia@example.org,600-332-3651
174,Alex,Gibson,gonzalezdebbie@example.org,851-907-0296
175,Alyssa,Vega,michaelodonnell@example.com,972-209-9934x768
176,Brandon,Reyes,zgonzalez@example.net,780.865.7875
177,Debra,Young,floresjeffery@example.com,5786593213
178,Joseph,Young,gallagherstacie@example.net,(452)523-9559x0599
179,Sara,Newton,lweaver@example.com,2107393087
180,Thomas,Newton,lindsaypeterson@example.org,700-629-2185x15691
181,Marcus,Daugherty,fconner@example.net,828-295-3926x44220
182,Christopher,Flores,daniellegarcia@example.com,(951)235-5215
183,Deborah,Wright,bellkristin@example.net,7068762676
184,Ashley,Gallegos,kkramer@example.net,001-832-471-0405x41152
185,Monique,Payne,morgantricia@example.com,001-806-629-6201x533
186,Matthew,Evans,williamsashley@example.com,(505)306-1497
187,Allison,Jackson,tiffany71@example.com,(277)641-8625x6527
188,Jessica,Gilbert,jeremy49@example.org,(211)858-6938
189,Sabrina,Mendoza,rsheppard@example.com,001-437-341-6089
190,Tiffany,Hernandez,kthompson@example.org,620.761.6329
191,Susan,Chavez,millerangela@example.net,348-370-9986x16229
192,Justin,Chavez,floydmikayla@example.com,(846)279-9702x46299
193,James,Koch,brandonalvarez@example.com,(705)644-4713x247
194,Monica,Simmons,lopezjason@example.com,001-278-450-8214x8628
195,James,Whitaker,wrightstephen@example.com,001-934-457-8610x357
196,Susan,Wells,max41@example.com,6608293333
197,Kayla,Hancock,wellsdavid@example.org,+1-503-949-4466x574
198,Elizabeth,Wilson,asilva@example.net,+1-658-699-4417x15454
199,Chelsea,Day,racheltrujillo@example.net,(552)707-4466x6099
200,Molly,Dorsey,ginalittle@example.com,+1-758-342-8241x72482
201,Daniel,Dorsey,julieparker@example.com,(949)547-1709x991
202,Kathryn,Johnson,amoreno@example.org,(423)356-9725
203,John,Johnson,lawrencebrown@example.com,832-992-7129x666
204,Janet,Pugh,fergusonjessica@example.org,683-400-3354x21689
205,Ana,Stanley,evanskelly@example.net,598.456.2575x32603
206,Daniel,Stanley,lawrencegary@example.com,001-306-848-9090x100
207,Jill,Gregory,kelleythomas@example.org,404.861.8499
208,Ronald,Gregory,huntchristine@example.com,717-839-3483
209,Kenneth,Williams,slozano@example.com,530-901-1972x18114
210,Vanessa,Phillips,lwilliams@example.org,655-361-1002x2557
211,Jaime,Cooper,moralessuzanne@example.com,(976)421-2021x6979
212,Lisa,Miles,cheryl27@example.com,567-701-4508
213,Kelly,Wolfe,reynoldsjessica@example.com,(362)989-0028x772
214,Erica,Rivera,brent38@example.net,(963)217-7971x7751
215,Ashley,Arnold,jjohnson@example.org,799-248-8375
216,Robert,Arnold,xrivera@example.net,+1-775-371-1305x548
217,Brandon,Martin,lydianewton@example.com,549-733-1637
218,Ashley,Martin,owilliams@example.net,001-217-879-8270
219,Ryan,Martin,xglass@example.org,001-592-621-6995x866
220,Jennifer,Jackson,tara72@example.org,(498)748-5833x39452
221,Michelle,Nguyen,anna99@example.net,001-268-546-0810x620
222,Derek,Nguyen,tonyavega@example.org,5438805719
224,Elizabeth,Ellis,tonyajones@example.org,001-281-760-6484x2294
225,John,Ellis,billmcfarland@example.net,5944798515
226,Abigail,Hartman,robertherrera@example.org,(233)355-5439x878
227,Maureen,Conner,pallen@example.net,+1-730-956-1648x408
228,Christopher,Davis,juliewilson@example.com,(556)890-4098
229,Mary,Martinez,danielsmith@example.com,324-637-7294x20954
230,Zachary,Martinez,nwelch@example.com,260-852-3302x7642
231,Tammy,Campbell,udavis@example.net,4475292774
232,Daniel,Campbell,jillsmith@example.net,001-912-466-2015
233,James,Holt,stricklandmichelle@example.net,(947)650-1111x7830
234,Michael,Davis,patrickcooke@example.net,(949)321-5182x60688
235,Kelly,Andersen,molinajared@example.net,229-420-8751
236,Kenneth,Gregory,christopherscott@example.org,518-645-8260
237,Angel,Bautista,donna72@example.net,458.659.8831x0303
238,Scott,Lawson,susanguzman@example.org,001-654-829-6184
239,Matthew,Martin,qmiller@example.net,(728)831-4359x89262
240,James,Maynard,chrismartinez@example.org,+1-886-515-1554x23401
241,Jamie,Holder,pattondavid@example.net,001-249-471-8594x8491
242,Evan,Walton,michaelfigueroa@example.net,+1-496-479-2408
243,Charles,Bradley,brian53@example.net,+1-567-627-5784x468
244,Madison,Bennett,mezarichard@example.com,611-931-2901
245,Jody,Mccarthy,brendamorris@example.org,205-887-5256
246,Matthew,Mccarthy,nthompson@example.org,+1-445-399-0802x7112
247,Anna,Reeves,teresa51@example.com,417-368-0866x28137
248,Phillip,Reeves,jeremy08@example.org,7377003322
249,Joshua,Williams,clarkbrandi@example.org,(619)658-2632x809
250,Megan,Stone,hharris@example.org,(613)539-4394x5703
251,Kayla,Mccoy,alexander25@example.org,365.376.9277x8943
252,Stephen,Mccoy,harveymercedes@example.com,5475692105
253,Tricia,Barker,charles60@example.com,001-301-542-4731x07201
254,Jordan,Nguyen,joseph97@example.org,001-223-216-6007x6762
255,Matthew,Nguyen,jennifer73@example.com,9435370096
256,Michelle,Newton,michael95@example.com,882.755.8825x5629
257,John,Reed,dylan78@example.com,(261)794-2557x782
258,Katie,Smith,carolfernandez@example.net,(292)336-1618
259,Kenneth,Smith,sarah23@example.net,001-757-815-5868x639
260,Melissa,Mccullough,perezdawn@example.org,001-530-381-7214x364
261,Trevor,Mccullough,andrewjohnson@example.org,821.214.7165
262,Melissa,Abbott,matthew53@example.com,(999)879-9070x75504
263,Nicole,Flores,hendersonbrenda@example.com,+1-970-860-7174x81131
264,Paul,Flores,cassandraharrison@example.com,387-439-6102x9087
265,Steven,Terry,isolis@example.net,001-704-891-8727x4204
266,Ashley,Haynes,tanyajones@example.com,530.962.6042x3597
267,Lindsey,Gould,garciadonald@example.net,+1-890-977-5608x581
268,Michelle,Watkins,michealrodriguez@example.net,(676)736-4315
269,Jennifer,Livingston,vwright@example.com,534-641-4916x9993
270,Amber,Smith,vincent29@example.net,939.488.9413x2109
271,Antonio,Thompson,egill@example.com,585-234-6557x9220
272,Amanda,Bullock,ashley46@example.org,(493)390-0251
273,Damon,Bullock,zcook@example.com,596.335.9570x86199
274,Debbie,Jones,angela34@example.net,566-831-1388x50342
275,Christopher,Jones,arthurwright@example.com,842.846.3104x379
276,Rachael,Townsend,johnsonlacey@example.net,629-546-9021x77417
277,Wendy,Moreno,jared50@example.org,885.802.2894
278,George,Moreno,uwalton@example.org,232.482.9302
279,Gary,Berry,lewisnatalie@example.org,8339467711
280,Holly,Reyes,kimronald@example.com,+1-495-553-0245x301
281,Morgan,Moore,lisa23@example.org,242.302.8471
282,Jordan,Aguirre,susanstanley@example.org,605-807-6487x1775
283,Daniel,Buchanan,sarawilliams@example.com,+1-783-287-2725x8122
284,Rebekah,Watkins,paul84@example.net,482-337-3379x121
285,Brady,Watkins,wilsonstephen@example.net,2359869017
286,Doris,Simmons,yatessarah@example.net,(751)399-9452
287,Johnny,Simmons,gregorywhitehead@example.com,001-343-838-7220x5422
288,Casey,Gomez,gina49@example.net,(933)708-3344x4704
289,Adam,Gomez,ksmith@example.org,(496)885-1953x774
290,Jessica,Jensen,ernestrich@example.net,263-842-7775x22592
